Date,Total COVID-19 Patients,ICU Patients,Vent Patients,PPE,Capacity,Surge Capacity,Beds Occupied
04/14/2020,1282,422,276,7,16476,19771.2,10485
04/15/2020,1298,394,234,6,16476,19771.2,10859
04/16/2020,1337,427,238,6,16476,19771.2,10933
04/17/2020,1308,400,224,6,16476,19771.2,10889
04/18/2020,1307,398,230,6,16476,19771.2,10379
04/19/2020,1319,388,231,6,16476,19771.2,10623
04/20/2020,1296,396,237,6,16476,19771.2,10515
04/21/2020,1331,403,251,4,16476,19771.2,11011
04/22/2020,1374,419,244,3,16476,19771.2,10957
04/23/2020,1379,400,249,3,16476,19771.2,11149
04/24/2020,1399,379,220,4,16476,19771.2,10991
04/25/2020,1405,357,223,3,16476,19771.2,11123
04/26/2020,1436,387,217,2,16476,19771.2,11156
04/27/2020,1455,389,217,2,16476,19771.2,11043
04/28/2020,1508,376,217,2,16476,19771.2,11299
04/29/2020,1566,387,222,1,16476,19771.2,11324
04/30/2020,1550,372,208,2,16476,19771.2,11377
05/01/2020,1431,366,193,2,16476,19771.2,11295
05/02/2020,1426,375,202,1,16476,19771.2,11406
05/03/2020,1413,385,193,0,16476,19771.2,11289
05/04/2020,1463,348,192,0,16476,19771.2,11459
05/05/2020,1496,361,189,0,16476,19771.2,11750
05/06/2020,1594,396,192,0,16476,19771.2,11715
05/07/2020,1613,371,203,0,16476,19771.2,11793
05/08/2020,1625,378,199,0,16476,19771.2,11841
05/09/2020,1593,367,198,0,16476,19771.2,11778
05/10/2020,1555,351,187,0,16476,19771.2,11790
05/11/2020,1504,362,194,0,16476,19771.2,11829
05/12/2020,1529,364,201,0,16476,19771.2,11692
05/13/2020,1526,374,202,0,16476,19771.2,11930
05/14/2020,1533,355,201,0,16476,19771.2,12116
05/15/2020,1511,362,195,0,16476,19771.2,12148
05/16/2020,1505,381,189,0,16476,19771.2,11999
05/17/2020,1524,379,195,0,16476,19771.2,11926
05/18/2020,1502,361,194,0,16476,19771.2,12087
05/19/2020,1497,377,199,0,16476,19771.2,12065
05/20/2020,1536,370,202,0,16476,19771.2,12212
05/21/2020,1491,351,191,0,16476,19771.2,12226
05/22/2020,1459,366,207,0,16476,19771.2,12287
05/23/2020,1384,330,213,0,16476,19771.2,12191
05/24/2020,1351,354,192,0,16476,19771.2,11904
05/25/2020,1376,349,182,0,16476,19771.2,11968
05/26/2020,1403,366,190,0,16476,19771.2,11960
05/27/2020,1459,390,203,0,16476,19771.2,12176
05/28/2020,1502,416,195,0,16476,19771.2,12396
05/29/2020,1524,373,193,0,16476,19771.2,12369
05/30/2020,1471,372,194,0,16476,19771.2,12146
05/31/2020,1458,371,196,0,16476,19771.2,11684
06/01/2020,1371,347,188,0,16476,19771.2,12056
06/02/2020,1362,336,186,0,16476,19771.2,11933
06/03/2020,1311,313,185,0,16476,19771.2,12314
06/04/2020,1266,321,171,0,16476,19771.2,12324
06/05/2020,1205,320,161,0,16476,19771.2,12233
06/06/2020,1171,324,169,0,16476,19771.2,12280
06/07/2020,1186,316,165,0,16476,19771.2,12102
06/08/2020,1173,308,160,0,16476,19771.2,12049
06/09/2020,1169,311,155,0,16476,19771.2,12137
06/10/2020,1155,296,139,2,16476,19771.2,12594
06/11/2020,1069,273,138,0,16476,19771.2,12642
06/12/2020,1026,297,143,0,16476,19771.2,12684
06/13/2020,959,295,142,0,16476,19771.2,12545
06/14/2020,958,334,155,0,16476,19771.2,12330
06/15/2020,902,269,130,0,16476,19771.2,11957
06/16/2020,904,241,125,0,16476,19771.2,12204
06/17/2020,938,249,120,0,16476,19771.2,12488
06/18/2020,857,241,129,0,16476,19771.2,12594
06/19/2020,862,251,121,0,16476,19771.2,12613
06/20/2020,880,267,133,0,16476,19771.2,12424
06/21/2020,863,243,125,0,16476,19771.2,12283
06/22/2020,848,240,132,0,16476,19771.2,12155
06/23/2020,847,245,126,0,16476,19771.2,12152
06/24/2020,886,235,107,0,16476,19771.2,12714
06/25/2020,854,237,104,0,16476,19771.2,12852
06/26/2020,854,219,99,0,16476,19771.2,12680
06/27/2020,819,234,103,0,16476,19771.2,12629
06/28/2020,818,235,107,0,16476,19771.2,12449
06/29/2020,796,225,101,0,16476,19771.2,12374
06/30/2020,902,230,98,0,16476,19771.2,12567
07/01/2020,892,205,95,0,16476,19771.2,12830
07/02/2020,888,206,95,0,16476,19771.2,12718
07/03/2020,818,207,95,0,16476,19771.2,12748
07/04/2020,808,207,99,0,16476,19771.2,12452
07/05/2020,792,202,95,0,16476,19771.2,12182
07/06/2020,783,194,86,0,16476,19771.2,12237
07/07/2020,902,221,105,0,16476,19771.2,12424
07/08/2020,971,230,98,0,16476,19771.2,12794
07/09/2020,956,215,93,0,16476,19771.2,12864
07/10/2020,1006,234,102,0,16476,19771.2,13013
07/11/2020,1020,230,97,0,16476,19771.2,12946
07/12/2020,1045,228,101,0,16476,19771.2,12777
07/13/2020,1129,243,105,0,16476,19771.2,12677
07/14/2020,1127,249,112,0,16476,19771.2,12705
07/15/2020,1081,246,113,0,16476,19771.2,12933
07/16/2020,1134,248,118,0,16476,19771.2,13014
07/17/2020,1171,247,118,0,16476,19771.2,12942
07/18/2020,1166,254,108,0,16476,19771.2,12758
07/19/2020,1186,249,127,0,16476,19771.2,12656
07/20/2020,1158,265,125,0,16476,19771.2,12599
07/21/2020,1189,258,127,2,16476,19771.2,12711
07/22/2020,1157,253,136,1,16476,19771.2,12921
07/23/2020,1218,257,136,1,16476,19771.2,12990
07/24/2020,1250,274,142,1,16476,19771.2,12980
07/25/2020,1201,266,138,0,16476,19771.2,12827
07/26/2020,1174,268,143,0,16476,19771.2,12625
07/27/2020,1200,260,140,0,16476,19771.2,12642
07/28/2020,1294,261,153,0,16476,19771.2,12652
07/29/2020,1350,276,155,0,16476,19771.2,12829
07/30/2020,1357,284,147,0,16476,19771.2,13049
07/31/2020,1334,279,145,0,16476,19771.2,12871
08/01/2020,1256,275,150,0,16476,19771.2,12896
08/02/2020,1172,267,138,0,16476,19771.2,12765
08/03/2020,1205,271,151,0,16476,19771.2,12721
08/04/2020,1255,282,144,0,16476,19771.2,12706
08/05/2020,1304,283,144,0,16476,19771.2,12915
08/06/2020,1349,284,157,0,16476,19771.2,12953
08/07/2020,1372,284,159,0,16476,19771.2,13015
08/08/2020,1258,271,145,1,16476,19771.2,12967
08/09/2020,1200,260,146,1,16476,19771.2,12781
08/10/2020,1251,279,159,1,16476,19771.2,12775
08/11/2020,1293,280,148,1,16476,19771.2,12854
08/12/2020,1281,290,142,2,16476,19771.2,13102
08/13/2020,1258,289,141,3,16476,19771.2,13043
08/14/2020,1299,268,150,3,16476,19771.2,13045
08/15/2020,1271,279,167,2,16476,19771.2,12954
08/16/2020,1184,283,165,1,16476,19771.2,12741
08/17/2020,1173,281,158,1,16476,19771.2,12588
08/18/2020,1253,300,163,0,16476,19771.2,12679
08/19/2020,1243,280,145,0,16476,19771.2,12985
08/20/2020,1266,276,148,0,16476,19771.2,13151
08/21/2020,1233,263,142,0,16476,19771.2,13059
08/22/2020,1154,254,125,1,16476,19771.2,12860
08/23/2020,1155,251,130,1,16476,19771.2,12561
08/24/2020,1127,256,134,1,16476,19771.2,12774
08/25/2020,1174,273,144,1,16476,19771.2,12655
08/26/2020,1170,265,145,1,16476,19771.2,12889
08/27/2020,1174,264,148,1,16476,19771.2,12968
08/28/2020,1101,261,136,2,16476,19771.2,13053
08/29/2020,1101,245,131,2,16476,19771.2,12867
08/30/2020,1090,251,132,2,16476,19771.2,12629
08/31/2020,1082,257,146,2,16476,19771.2,12613
09/01/2020,1039,258,130,1,16476,19771.2,12821
09/02/2020,1114,266,134,1,16476,19771.2,13053
09/03/2020,1130,257,123,1,16476,19771.2,13043
09/04/2020,1101,244,128,1,16476,19771.2,12962
09/05/2020,1098,243,121,1,16476,19771.2,12925
09/06/2020,1083,232,119,1,16476,19771.2,12650
09/07/2020,1061,249,119,1,16476,19771.2,12639
09/08/2020,1051,240,118,1,16476,19771.2,12512
09/09/2020,1072,252,121,1,16476,19771.2,12730
09/10/2020,1096,255,134,2,16476,19771.2,13023
09/11/2020,1120,249,120,2,16476,19771.2,13020
09/12/2020,995,228,113,2,16476,19771.2,12997
09/13/2020,1012,232,119,2,16476,19771.2,12687
09/14/2020,1006,220,110,2,16476,19771.2,12634
09/15/2020,1015,228,104,2,16476,19771.2,12705
09/16/2020,1027,212,103,2,16476,19771.2,13024
09/17/2020,995,225,109,1,16476,19771.2,13195
09/18/2020,945,212,102,1,16476,19771.2,12911
09/19/2020,960,219,108,0,16476,19771.2,12927
09/20/2020,939,263,126,0,16476,19771.2,12725
09/21/2020,995,217,106,0,16476,19771.2,12691
09/22/2020,940,213,113,0,16476,19771.2,12731
09/23/2020,916,215,113,0,16476,19771.2,13065
09/24/2020,982,219,112,0,16476,19771.2,13136
09/25/2020,965,221,117,0,16476,19771.2,13004
09/26/2020,924,202,111,0,16476,19771.2,13016
09/27/2020,868,198,103,0,16476,19771.2,12633
09/28/2020,890,193,103,0,16476,19771.2,12663
09/29/2020,958,202,113,0,16476,19771.2,12720
09/30/2020,908,190,104,0,16476,19771.2,13102
10/01/2020,913,210,107,0,16476,19771.2,13284
10/02/2020,890,201,108,0,16476,19771.2,13247
10/03/2020,906,191,103,0,16476,19771.2,13144
10/04/2020,877,197,98,0,16476,19771.2,12656
10/05/2020,925,213,101,0,16476,19771.2,12880
10/06/2020,926,219,104,0,16476,19771.2,12680
10/07/2020,1003,228,109,0,16476,19771.2,13022
10/08/2020,933,196,89,0,16476,19771.2,13271
10/09/2020,963,205,87,0,16476,19771.2,13147
10/10/2020,943,208,97,0,16476,19771.2,13017
10/11/2020,924,201,98,0,16476,19771.2,12835
10/12/2020,965,205,92,0,16476,19771.2,12527
10/13/2020,999,200,98,0,16476,19771.2,12821
10/14/2020,1007,230,102,0,16476,19771.2,13083
10/15/2020,1009,220,104,0,16476,19771.2,13225
10/16/2020,1002,222,104,0,16476,19771.2,13245
10/17/2020,993,219,100,0,16476,19771.2,13231
10/18/2020,972,205,95,0,16476,19771.2,12516
10/19/2020,972,210,81,0,16476,19771.2,12468
10/20/2020,937,194,98,0,16476,19771.2,12664
10/21/2020,1010,202,97,0,16476,19771.2,13009
10/22/2020,1109,218,120,0,16476,19771.2,13021
10/23/2020,1012,233,113,0,16476,19771.2,13177
10/24/2020,979,220,117,0,16476,19771.2,12949
10/25/2020,979,216,109,0,16476,19771.2,12753
10/26/2020,1048,230,114,0,16476,19771.2,12824
10/27/2020,1081,230,106,0,16476,19771.2,13047
10/28/2020,1068,252,113,0,16476,19771.2,13171
10/29/2020,1082,249,108,0,16476,19771.2,13051
10/30/2020,1065,231,107,0,16476,19771.2,13096
10/31/2020,1026,228,104,0,16476,19771.2,13109
11/01/2020,1012,228,98,0,16476,19771.2,12701
11/02/2020,1031,214,97,0,16476,19771.2,12761
11/03/2020,1026,222,97,0,16476,19771.2,12847
11/04/2020,1041,231,102,0,16476,19771.2,13152
11/05/2020,1064,240,104,0,16476,19771.2,13064
11/06/2020,1057,216,96,0,16476,19771.2,12557
11/07/2020,1062,215,91,0,16476,19771.2,12971
11/08/2020,1090,202,90,0,16476,19771.2,12611
11/09/2020,1127,214,98,0,16476,19771.2,12746
11/10/2020,1174,224,88,0,16476,19771.2,12952
11/11/2020,1265,250,106,0,16476,19771.2,13302
11/12/2020,1313,246,110,0,16476,19771.2,13413
11/13/2020,1296,258,115,0,16476,19771.2,13349
11/14/2020,1312,261,121,0,16476,19771.2,13209
11/15/2020,1284,252,120,0,16476,19771.2,12361
11/16/2020,1337,263,118,0,16476,19771.2,12897
11/17/2020,1392,272,103,0,16476,19771.2,12920
11/18/2020,1469,318,126,0,16476,19771.2,13091
11/19/2020,1569,303,123,0,16476,19771.2,13174
11/20/2020,1510,318,133,0,16476,19771.2,13120
11/21/2020,1507,331,135,0,16476,19771.2,12927
11/22/2020,1469,320,145,0,16476,19771.2,12780
11/23/2020,1512,351,152,0,16476,19771.2,12666
11/24/2020,1496,354,146,0,16476,19771.2,12703
11/25/2020,1549,361,153,0,16476,19771.2,12943
11/26/2020,1601,370,152,0,16476,19771.2,12709
11/27/2020,1593,373,160,0,16476,19771.2,11336
11/28/2020,1585,370,149,0,16476,19771.2,12241
11/29/2020,1628,365,155,0,16476,19771.2,12334
11/30/2020,1658,376,162,0,16476,19771.2,12496
12/01/2020,1757,398,173,0,16476,19771.2,12759
12/02/2020,1860,427,188,0,16476,19771.2,13217
12/03/2020,1853,411,186,0,16476,19771.2,13223
12/04/2020,1854,413,187,0,16476,19771.2,13281
12/05/2020,1852,407,183,0,16476,19771.2,13164
12/06/2020,1969,395,187,0,16476,19771.2,13007
12/07/2020,1885,403,180,0,16476,19771.2,12754
12/08/2020,1918,435,196,0,16476,19771.2,13060
12/09/2020,2004,429,197,0,16476,19771.2,13241
12/10/2020,2018,410,201,0,16476,19771.2,13394
12/11/2020,2075,417,212,0,16476,19771.2,13495
12/12/2020,2088,429,229,0,16476,19771.2,13216
12/13/2020,2127,416,220,0,16476,19771.2,13169
12/14/2020,2226,444,236,0,16476,19771.2,13117
12/15/2020,2361,490,240,0,16476,19771.2,13220
12/16/2020,2349,511,257,0,16476,19771.2,13398
12/17/2020,2399,490,246,0,16476,19771.2,13443
12/18/2020,2409,510,254,0,16476,19771.2,13402
12/19/2020,2429,495,264,0,16476,19771.2,13280
12/20/2020,2405,517,272,0,16476,19771.2,13069
12/21/2020,2442,530,282,0,16476,19771.2,12916
12/22/2020,2508,535,279,0,16476,19771.2,13027
12/23/2020,2586,532,290,0,16476,19771.2,13182
12/24/2020,2577,530,294,0,16476,19771.2,13122
12/25/2020,2478,518,291,0,16476,19771.2,12726
12/26/2020,2454,548,299,0,16476,19771.2,12384
12/27/2020,2495,514,318,0,16476,19771.2,12635
12/28/2020,2563,526,321,0,16476,19771.2,12728
12/29/2020,2698,539,326,0,16476,19771.2,13136
12/30/2020,2707,553,330,0,16476,19771.2,13270
12/31/2020,2744,525,328,0,16476,19771.2,13273
01/01/2021,2754,557,322,0,16476,19771.2,13193
01/02/2021,2710,557,335,0,16476,19771.2,12892
01/03/2021,2708,557,344,0,16476,19771.2,13021
01/04/2021,2765,563,339,0,16476,19771.2,13169
01/05/2021,2918,558,337,0,16476,19771.2,13398
01/06/2021,2925,537,357,0,16476,19771.2,13597
01/07/2021,3000,568,366,0,16476,19771.2,13414
01/08/2021,2991,547,351,0,16476,19771.2,13603
01/09/2021,3032,565,348,0,16476,19771.2,13537
01/10/2021,3060,553,348,0,16476,19771.2,13435
01/11/2021,3117,571,352,0,16476,19771.2,13379
01/12/2021,3185,582,349,0,16476,19771.2,13482
01/13/2021,3209,587,362,0,16476,19771.2,13505
01/14/2021,3196,583,366,0,16476,19771.2,13462
01/15/2021,3147,580,362,0,16476,19771.2,13514
01/16/2021,3119,561,354,0,16476,19771.2,13339
01/17/2021,4043,566,339,0,16476,19771.2,13312
01/18/2021,3151,584,354,0,16476,19771.2,13267
01/19/2021,3173,588,347,0,16476,19771.2,13318
01/20/2021,3098,554,338,0,16476,19771.2,13518
01/21/2021,3011,545,337,0,16476,19771.2,13497
01/22/2021,2972,547,332,0,16476,19771.2,13429
01/23/2021,2927,567,320,0,16476,19771.2,13298
01/24/2021,2850,546,329,0,16476,19771.2,13315
01/25/2021,2892,554,324,0,16476,19771.2,13270
01/26/2021,2847,539,316,0,16476,19771.2,13355
01/27/2021,2868,537,332,0,16476,19771.2,13468
01/28/2021,2706,515,322,0,16476,19771.2,13418
01/29/2021,2691,511,309,0,16476,19771.2,13376
01/30/2021,2632,507,311,0,16476,19771.2,13346
01/31/2021,2516,496,315,0,16476,19771.2,13155
02/01/2021,2446,478,304,0,16476,19771.2,13157
02/02/2021,2473,493,304,0,16476,19771.2,13269
02/03/2021,2545,500,309,0,16476,19771.2,13333
02/04/2021,2444,486,294,0,16476,19771.2,13292
02/05/2021,2363,462,294,0,16476,19771.2,13165
02/06/2021,2376,465,294,0,16476,19771.2,13320
02/07/2021,2303,456,301,0,16476,19771.2,13147
02/08/2021,2285,464,298,0,16476,19771.2,12983
02/09/2021,2248,467,290,0,16476,19771.2,13171
02/10/2021,2201,449,286,0,16476,19771.2,13450
02/11/2021,2136,451,289,0,16476,19771.2,13459
02/12/2021,2117,430,268,0,16476,19771.2,13465
02/13/2021,1991,408,262,0,16476,19771.2,13276
02/14/2021,1906,392,238,0,16476,19771.2,13155
02/15/2021,1833,398,251,0,16476,19771.2,13080
02/16/2021,1849,401,241,0,16476,19771.2,13054
02/17/2021,1823,386,239,0,16476,19771.2,13263
02/18/2021,1828,364,218,0,16476,19771.2,13309
02/19/2021,1671,329,204,0,16476,19771.2,13277
02/20/2021,1594,312,186,0,16476,19771.2,13147
02/21/2021,1548,306,186,0,16476,19771.2,13089
02/22/2021,1540,318,187,0,16476,19771.2,12974
02/23/2021,1621,315,196,0,16476,19771.2,12918
02/24/2021,1564,318,185,0,16476,19771.2,13133
02/25/2021,1488,303,183,0,16476,19771.2,13174
02/26/2021,1481,313,187,0,16476,19771.2,13205
02/27/2021,1374,303,185,0,16476,19771.2,13016
02/28/2021,1323,295,180,0,16476,19771.2,12796
03/01/2021,1321,295,196,0,16476,19771.2,12632
03/02/2021,1345,305,200,0,16476,19771.2,12792
03/03/2021,1352,284,184,0,16476,19771.2,13148
03/04/2021,1266,270,169,0,16476,19771.2,13182
03/05/2021,1222,254,150,0,16476,19771.2,13128
03/06/2021,1164,263,160,0,16476,19771.2,13033
03/07/2021,1127,258,168,0,16476,19771.2,12958
03/08/2021,1142,244,161,0,16476,19771.2,12837
03/09/2021,1172,244,149,0,16476,19771.2,12770
03/10/2021,1136,231,135,0,16476,19771.2,12856
03/11/2021,1129,230,144,0,16476,19771.2,12935
03/12/2021,1129,228,134,0,16476,19771.2,13121
03/13/2021,1118,220,133,0,16476,19771.2,13010
03/14/2021,1063,223,135,0,16476,19771.2,12955
03/15/2021,1013,217,131,0,16476,19771.2,12700
03/16/2021,1088,218,134,0,16476,19771.2,12753
03/17/2021,1077,234,135,0,16476,19771.2,13151
03/18/2021,1034,226,127,0,16476,19771.2,13111
03/19/2021,1035,217,114,0,16476,19771.2,13210
03/20/2021,978,222,124,0,16476,19771.2,13041
03/21/2021,994,209,127,0,16476,19771.2,12876
03/22/2021,1000,214,124,0,16476,19771.2,12760
03/23/2021,1035,225,135,0,16476,19771.2,12788
03/24/2021,973,219,131,0,16476,19771.2,13210
03/25/2021,1003,232,126,0,16476,19771.2,13114
03/26/2021,998,238,131,0,16476,19771.2,13080
03/27/2021,994,232,124,0,16476,19771.2,11878
03/28/2021,1010,225,128,0,16476,19771.2,12818
03/29/2021,1043,225,130,0,16476,19771.2,13018
03/30/2021,1070,231,128,0,16476,19771.2,12868
03/31/2021,1048,228,134,0,16476,19771.2,13119
04/01/2021,1046,249,134,0,16476,19771.2,13210
04/02/2021,1045,243,137,0,16476,19771.2,13179
04/03/2021,1022,233,127,0,16476,19771.2,13016
04/04/2021,1035,259,130,0,16476,19771.2,12734
04/05/2021,1028,257,133,0,16476,19771.2,12689
04/06/2021,1088,249,137,0,16476,19771.2,12906
04/07/2021,1059,254,140,0,16476,19771.2,12967
04/08/2021,1111,244,133,0,16476,19771.2,13289
04/09/2021,1106,241,125,0,16476,19771.2,13266
04/10/2021,1087,249,133,0,16476,19771.2,13195
04/11/2021,1059,246,137,0,16476,19771.2,13035
04/12/2021,1046,249,129,0,16476,19771.2,12879
04/13/2021,1070,252,144,0,16476,19771.2,13057
04/14/2021,1060,265,148,0,16476,19771.2,13234
04/15/2021,1052,261,145,0,16476,19771.2,13309
04/16/2021,1032,246,147,0,16476,19771.2,13354
04/17/2021,1032,248,142,0,16476,19771.2,13292
04/18/2021,1056,252,139,0,16476,19771.2,13113
04/19/2021,1046,257,119,0,16476,19771.2,12977
04/20/2021,1092,280,127,0,16476,19771.2,13065
04/21/2021,1120,271,130,0,16476,19771.2,13380
04/22/2021,1104,269,145,0,16476,19771.2,13425
04/23/2021,1057,248,136,0,16476,19771.2,13395
04/24/2021,1046,262,147,0,16476,19771.2,13196
04/25/2021,1002,256,133,0,16476,19771.2,12957
04/26/2021,974,251,122,0,16476,19771.2,12972
04/27/2021,1009,257,135,0,16476,19771.2,13077
04/28/2021,988,244,132,0,16476,19771.2,13232
04/29/2021,960,237,138,0,16476,19771.2,13356
04/30/2021,950,224,130,0,16476,19771.2,13340
05/01/2021,885,224,128,0,16476,19771.2,13235
05/02/2021,858,218,129,0,16476,19771.2,13069
05/03/2021,822,224,114,0,16476,19771.2,12900
05/04/2021,861,225,126,0,16476,19771.2,13197
05/05/2021,896,221,114,0,16476,19771.2,13337
05/06/2021,847,206,129,0,16476,19771.2,13472
05/07/2021,829,211,121,0,16476,19771.2,13420
05/08/2021,799,203,116,0,16476,19771.2,13323
05/09/2021,779,207,119,0,16476,19771.2,13082
05/10/2021,751,197,113,0,16476,19771.2,12916
05/11/2021,741,204,116,0,16476,19771.2,13036
05/12/2021,779,223,126,0,16476,19771.2,13228
05/13/2021,748,204,119,0,16476,19771.2,13378
05/14/2021,684,199,117,0,16476,19771.2,13186
05/15/2021,700,198,115,0,16476,19771.2,13139
05/16/2021,656,198,120,0,16476,19771.2,12891
05/17/2021,661,196,121,0,16476,19771.2,12775
05/18/2021,604,190,108,0,16476,19771.2,12878
05/19/2021,615,188,98,0,16476,19771.2,12967
05/20/2021,587,175,93,0,16476,19771.2,13184
05/21/2021,619,183,100,0,16476,19771.2,13335
05/22/2021,561,159,91,0,16476,19771.2,13039
05/23/2021,543,160,88,0,16476,19771.2,12890
05/24/2021,503,154,86,0,16476,19771.2,12811
05/25/2021,520,154,88,0,16476,19771.2,12904
05/26/2021,527,153,91,0,16476,19771.2,13318
05/27/2021,514,142,80,0,16476,19771.2,13437
05/28/2021,514,131,78,0,16476,19771.2,13361
05/29/2021,524,136,80,0,16476,19771.2,13245
05/30/2021,500,142,78,0,16476,19771.2,12910
05/31/2021,481,139,84,0,16476,19771.2,12835
06/01/2021,446,124,76,0,16476,19771.2,12776
06/02/2021,476,121,77,0,16476,19771.2,12962
06/03/2021,498,129,88,0,16476,19771.2,13219
06/04/2021,480,112,82,0,16476,19771.2,13158
06/05/2021,443,112,82,0,16476,19771.2,13212
06/06/2021,429,112,84,0,16476,19771.2,13132
06/07/2021,424,115,76,0,16476,19771.2,12991
06/08/2021,452,108,71,0,16476,19771.2,13057
06/09/2021,395,104,73,0,16476,19771.2,13093
06/10/2021,402,113,73,0,16476,19771.2,13296
06/11/2021,367,101,67,0,16476,19771.2,13192
06/12/2021,345,84,62,0,16476,19771.2,13152
06/13/2021,323,86,62,0,16476,19771.2,13026
06/14/2021,321,83,57,0,16476,19771.2,12942
06/15/2021,324,73,45,0,16476,19771.2,13076
06/16/2021,385,83,55,0,16476,19771.2,13117
06/17/2021,307,75,41,0,16476,19771.2,13361
06/18/2021,268,70,37,0,16476,19771.2,13159
06/19/2021,286,66,25,0,16476,19771.2,13059
06/20/2021,283,72,37,0,16476,19771.2,12868
06/21/2021,285,69,38,0,16476,19771.2,12836
06/22/2021,263,62,36,0,16476,19771.2,12970
06/23/2021,259,66,37,0,16476,19771.2,13277
06/24/2021,248,63,34,0,16476,19771.2,13342
06/25/2021,250,60,31,0,16476,19771.2,13149
06/26/2021,232,60,33,0,16476,19771.2,12927
06/27/2021,258,69,37,0,16476,19771.2,13033
06/28/2021,231,63,32,0,16476,19771.2,12825
06/29/2021,286,83,49,0,16476,19771.2,12921
06/30/2021,264,73,46,0,16476,19771.2,13334
07/01/2021,281,77,46,0,16476,19771.2,13242
07/02/2021,247,61,36,0,16476,19771.2,13275
07/03/2021,260,50,33,0,16476,19771.2,13027
07/04/2021,227,51,33,0,16476,19771.2,12874
07/05/2021,195,45,31,0,16476,19771.2,12716
07/06/2021,211,49,33,0,16476,19771.2,12791
07/07/2021,215,49,29,0,16476,19771.2,12943
07/08/2021,221,52,31,0,16476,19771.2,13195
07/09/2021,257,63,36,0,16476,19771.2,13201
07/10/2021,228,61,32,0,16476,19771.2,13007
07/11/2021,245,59,33,0,16476,19771.2,13001
07/12/2021,222,54,32,0,16476,19771.2,12929
07/13/2021,237,61,46,0,16476,19771.2,13070
07/14/2021,240,68,41,0,16476,19771.2,13241
07/15/2021,237,67,37,0,16476,19771.2,13338
07/16/2021,256,73,35,0,16476,19771.2,13264
07/17/2021,286,69,33,0,16476,19771.2,13291
07/18/2021,296,79,41,0,16476,19771.2,13021
07/19/2021,281,79,40,0,16476,19771.2,12886
07/20/2021,338,80,37,0,16476,19771.2,13184
07/21/2021,352,89,45,0,16476,19771.2,13101
07/22/2021,387,101,47,0,16476,19771.2,13444
07/23/2021,415,105,N/A,0,16476,19771.2,N/A
07/24/2021,434,105,N/A,0,16476,19771.2,N/A
07/25/2021,427,108,N/A,0,16476,19771.2,N/A
07/26/2021,415,108,N/A,0,16476,19771.2,N/A
07/27/2021,429,113,N/A,0,16476,19771.2,N/A
07/28/2021,448,123,N/A,0,16476,19771.2,N/A
07/29/2021,448,122,N/A,0,16476,19771.2,N/A
07/30/2021,453,124,N/A,0,16476,19771.2,N/A
07/31/2021,475,121,N/A,0,16476,19771.2,N/A
08/01/2021,489,126,N/A,0,16476,19771.2,N/A
08/02/2021,534,137,N/A,0,16476,19771.2,N/A
08/03/2021,643,153,N/A,0,16476,19771.2,N/A
08/04/2021,668,179,N/A,0,16476,19771.2,N/A
08/05/2021,669,173,N/A,0,16476,19771.2,N/A
08/06/2021,724,174,N/A,0,16476,19771.2,N/A
08/07/2021,751,182,N/A,0,16476,19771.2,N/A
08/08/2021,778,185,N/A,0,16476,19771.2,N/A
08/09/2021,785,187,N/A,0,16476,19771.2,N/A
08/10/2021,879,228,N/A,0,16476,19771.2,N/A
08/11/2021,936,246,N/A,0,16476,19771.2,N/A
08/12/2021,971,233,N/A,0,16476,19771.2,N/A
08/13/2021,1029,261,N/A,0,16476,19771.2,N/A
08/14/2021,1100,282,N/A,0,16476,19771.2,N/A
08/15/2021,1145,300,N/A,0,16476,19771.2,N/A
08/16/2021,1137,281,N/A,0,16476,19771.2,N/A
08/17/2021,1191,309,N/A,0,16476,19771.2,N/A
08/18/2021,1243,340,N/A,0,16476,19771.2,N/A
08/19/2021,1289,342,N/A,0,16476,19771.2,N/A
08/20/2021,1265,344,N/A,0,16476,19771.2,N/A
08/21/2021,1349,354,N/A,0,16476,19771.2,N/A
08/22/2021,1310,360,N/A,0,16476,19771.2,N/A
08/23/2021,1364,363,N/A,0,16476,19771.2,N/A
08/24/2021,1453,395,N/A,0,16476,19771.2,N/A
08/25/2021,1485,416,N/A,0,16476,19771.2,N/A
08/26/2021,1537,392,N/A,0,16476,19771.2,N/A
08/27/2021,1608,411,N/A,0,16476,19771.2,N/A
08/28/2021,1619,421,N/A,0,16476,19771.2,N/A
08/29/2021,1645,426,N/A,0,16476,19771.2,N/A
08/30/2021,1700,432,N/A,0,16476,19771.2,N/A
08/31/2021,1768,427,N/A,0,16476,19771.2,N/A
09/01/2021,1854,439,N/A,0,16476,19771.2,N/A
09/02/2021,1882,447,N/A,0,16476,19771.2,N/A
09/03/2021,1892,466,N/A,0,16476,19771.2,N/A
09/04/2021,1987,474,N/A,0,16476,19771.2,N/A
09/05/2021,1941,473,N/A,0,16476,19771.2,N/A
09/06/2021,1981,483,N/A,0,16476,19771.2,N/A
09/07/2021,1996,467,N/A,0,16476,19771.2,N/A
09/08/2021,2161,504,N/A,0,16476,19771.2,N/A
09/09/2021,2176,514,N/A,0,16476,19771.2,N/A
09/10/2021,2150,513,N/A,0,16476,19771.2,N/A
09/11/2021,2188,536,N/A,0,16476,19771.2,N/A
09/12/2021,2134,528,N/A,0,16476,19771.2,N/A
09/13/2021,2103,538,N/A,0,16476,19771.2,N/A
09/14/2021,2117,546,N/A,0,16476,19771.2,N/A
09/15/2021,2155,537,N/A,0,16476,19771.2,N/A
09/16/2021,2144,544,N/A,0,16476,19771.2,N/A
09/17/2021,2174,621,N/A,0,16476,19771.2,N/A
09/18/2021,2185,559,N/A,0,16476,19771.2,N/A
09/19/2021,2103,536,N/A,0,16476,19771.2,N/A
09/20/2021,2158,549,N/A,0,16476,19771.2,N/A
09/21/2021,2211,567,N/A,0,16476,19771.2,N/A
09/22/2021,2166,556,N/A,0,16476,19771.2,N/A
09/23/2021,2168,559,N/A,0,16476,19771.2,N/A
09/24/2021,2106,557,N/A,0,16476,19771.2,N/A
09/25/2021,2099,534,N/A,0,16476,19771.2,N/A
09/26/2021,2067,536,N/A,0,16476,19771.2,N/A
09/27/2021,2068,540,N/A,0,16476,19771.2,N/A
09/28/2021,2111,552,N/A,0,16476,19771.2,N/A
09/29/2021,2033,533,N/A,0,16476,19771.2,N/A
09/30/2021,1986,527,N/A,0,16476,19771.2,N/A
10/01/2021,1898,512,N/A,0,16476,19771.2,N/A
10/02/2021,1881,495,N/A,0,16476,19771.2,N/A
10/03/2021,1910,484,N/A,0,16476,19771.2,N/A
10/04/2021,1832,479,N/A,0,16476,19771.2,N/A
10/05/2021,1807,458,N/A,0,16476,19771.2,N/A
10/06/2021,1794,468,N/A,0,16476,19771.2,N/A
10/07/2021,1669,460,N/A,0,16476,19771.2,N/A
10/08/2021,1671,443,N/A,0,16476,19771.2,N/A
10/09/2021,1653,442,N/A,0,16476,19771.2,N/A
10/10/2021,1585,427,N/A,0,16476,19771.2,N/A
10/11/2021,1563,412,N/A,0,16476,19771.2,N/A
10/12/2021,1585,426,N/A,0,16476,19771.2,N/A
10/13/2021,1576,422,N/A,0,16476,19771.2,N/A
10/14/2021,1533,393,N/A,0,16476,19771.2,N/A
10/15/2021,1474,385,N/A,0,16476,19771.2,N/A
10/16/2021,1450,391,N/A,0,16476,19771.2,N/A
10/18/2021,1388,363,N/A,0,16476,19771.2,N/A
10/19/2021,1386,364,N/A,0,16476,19771.2,N/A
10/20/2021,1325,331,N/A,0,16476,19771.2,N/A
10/21/2021,1311,334,N/A,0,16476,19771.2,N/A
10/22/2021,1266,313,N/A,0,16476,19771.2,N/A
10/23/2021,1228,314,N/A,0,16476,19771.2,N/A
10/24/2021,1222,308,N/A,0,16476,19771.2,N/A
10/25/2021,1230,320,N/A,0,16476,19771.2,N/A
10/26/2021,1202,307,N/A,0,16476,19771.2,N/A
10/27/2021,1175,315,N/A,0,16476,19771.2,N/A
10/28/2021,1155,307,N/A,0,16476,19771.2,N/A
10/29/2021,1058,301,N/A,0,16476,19771.2,N/A
10/30/2021,1018,285,N/A,0,16476,19771.2,N/A
10/31/2021,949,277,N/A,0,16476,19771.2,N/A
11/01/2021,934,279,N/A,0,16476,19771.2,N/A
11/02/2021,954,274,N/A,0,16476,19771.2,N/A
11/03/2021,967,277,N/A,0,16476,19771.2,N/A
11/04/2021,947,254,N/A,0,16476,19771.2,N/A
11/05/2021,923,237,N/A,0,16476,19771.2,N/A
11/06/2021,858,225,N/A,0,16476,19771.2,N/A
11/07/2021,828,223,N/A,0,16476,19771.2,N/A
11/08/2021,806,212,N/A,0,16476,19771.2,N/A
11/09/2021,857,219,N/A,0,16476,19771.2,N/A
11/10/2021,877,237,N/A,0,16476,19771.2,N/A
11/11/2021,854,212,N/A,0,16476,19771.2,N/A
11/12/2021,825,208,N/A,0,16476,19771.2,N/A
11/13/2021,842,224,N/A,0,16476,19771.2,N/A
11/14/2021,829,215,N/A,0,16476,19771.2,N/A
